{"mean":{"confidence_interval":{"confidence_level":0.95,"lower_bound":914117.6868005489,"upper_bound":956310.4391048219},"point_estimate":933963.9429389691,"standard_error":10831.367445835327},"median":{"confidence_interval":{"confidence_level":0.95,"lower_bound":884460.8131313132,"upper_bound":886279.9867021276},"point_estimate":885239.0969476744,"standard_error":546.3358145718759},"median_abs_dev":{"confidence_interval":{"confidence_level":0.95,"lower_bound":1830.7728671180487,"upper_bound":5243.177779754227},"point_estimate":2881.303208468714,"standard_error":950.4912258108591},"slope":{"confidence_interval":{"confidence_level":0.95,"lower_bound":909135.7478650092,"upper_bound":965074.3513228237},"point_estimate":934759.5846312989,"standard_error":14336.026526781106},"std_dev":{"confidence_interval":{"confidence_level":0.95,"lower_bound":75852.10463547184,"upper_bound":136070.0996810221},"point_estimate":108657.52278235316,"standard_error":15449.036539587254}}