{"mean":{"confidence_interval":{"confidence_level":0.95,"lower_bound":46766380.8125,"upper_bound":47285596.075},"point_estimate":47020031.5,"standard_error":132600.84486364736},"median":{"confidence_interval":{"confidence_level":0.95,"lower_bound":46289225.0,"upper_bound":46999000.0},"point_estimate":46534675.0,"standard_error":183008.71163918747},"median_abs_dev":{"confidence_interval":{"confidence_level":0.95,"lower_bound":723545.8521544933,"upper_bound":1558249.6373355389},"point_estimate":1065618.7310814857,"standard_error":225623.63285549916},"slope":null,"std_dev":{"confidence_interval":{"confidence_level":0.95,"lower_bound":1107137.5231128929,"upper_bound":1561362.8233342383},"point_estimate":1330636.035861073,"standard_error":117040.87072594103}}