{"mean":{"confidence_interval":{"confidence_level":0.95,"lower_bound":0.12014537638516133,"upper_bound":0.16799712113036036},"point_estimate":0.14244777333600567,"standard_error":0.012264081171688928},"median":{"confidence_interval":{"confidence_level":0.95,"lower_bound":0.09799700400621836,"upper_bound":0.10873433251741692},"point_estimate":0.10374703864933577,"standard_error":0.0026122630165437296}}