{"mean":{"confidence_interval":{"confidence_level":0.95,"lower_bound":0.6514536732622256,"upper_bound":0.7524073949068014},"point_estimate":0.6952038750513931,"standard_error":0.025295310440167557},"median":{"confidence_interval":{"confidence_level":0.95,"lower_bound":0.6121055916386993,"upper_bound":0.620059398554798},"point_estimate":0.6163466094720556,"standard_error":0.001908456846596435}}