{"mean":{"confidence_interval":{"confidence_level":0.95,"lower_bound":0.21315448646568474,"upper_bound":0.26093024678278415},"point_estimate":0.23579621577842724,"standard_error":0.012190100656348762},"median":{"confidence_interval":{"confidence_level":0.95,"lower_bound":0.1922987149835209,"upper_bound":0.21633862345364996},"point_estimate":0.20453902227667986,"standard_error":0.005309679302734357}}