{"mean":{"confidence_interval":{"confidence_level":0.95,"lower_bound":26185151.7625,"upper_bound":26689477.35},"point_estimate":26420773.0,"standard_error":128361.4766988854},"median":{"confidence_interval":{"confidence_level":0.95,"lower_bound":26075750.0,"upper_bound":26508425.0},"point_estimate":26261325.0,"standard_error":115035.26627817776},"median_abs_dev":{"confidence_interval":{"confidence_level":0.95,"lower_bound":662981.643229723,"upper_bound":1058242.7962124348},"point_estimate":822064.6204054356,"standard_error":100147.93274892506},"slope":null,"std_dev":{"confidence_interval":{"confidence_level":0.95,"lower_bound":852489.9755691816,"upper_bound":1693248.563359993},"point_estimate":1286775.1221055281,"standard_error":216867.8344773379}}