{"mean":{"confidence_interval":{"confidence_level":0.95,"lower_bound":0.4081595072512146,"upper_bound":0.5689275689980845},"point_estimate":0.484155402224385,"standard_error":0.040523777488112644},"median":{"confidence_interval":{"confidence_level":0.95,"lower_bound":0.32180804533910057,"upper_bound":0.3327856264891389},"point_estimate":0.3255919752482055,"standard_error":0.0031333075807086696}}