{"mean":{"confidence_interval":{"confidence_level":0.95,"lower_bound":0.3076368973027424,"upper_bound":0.3691381912682553},"point_estimate":0.3377052787447017,"standard_error":0.015727192880718846},"median":{"confidence_interval":{"confidence_level":0.95,"lower_bound":0.28734760250420077,"upper_bound":0.30545106294764235},"point_estimate":0.2931145037086733,"standard_error":0.00459313864873819}}