{"mean":{"confidence_interval":{"confidence_level":0.95,"lower_bound":0.5842694356588225,"upper_bound":0.7365417145986665},"point_estimate":0.6504875964072134,"standard_error":0.038987875279830816},"median":{"confidence_interval":{"confidence_level":0.95,"lower_bound":0.5291332816524279,"upper_bound":0.5421371400624686},"point_estimate":0.5359479006384733,"standard_error":0.0029672537254802254}}