{"mean":{"confidence_interval":{"confidence_level":0.95,"lower_bound":-0.36305436010824726,"upper_bound":-0.33596375074157814},"point_estimate":-0.34967096145444,"standard_error":0.0069162817441316285},"median":{"confidence_interval":{"confidence_level":0.95,"lower_bound":-0.37211326361460395,"upper_bound":-0.32865170415104444},"point_estimate":-0.33897985699129074,"standard_error":0.010191979896015434}}