{"mean":{"confidence_interval":{"confidence_level":0.95,"lower_bound":-0.4229437242467287,"upper_bound":-0.40684141187383244},"point_estimate":-0.41470654218598924,"standard_error":0.004111702751209931},"median":{"confidence_interval":{"confidence_level":0.95,"lower_bound":-0.41898396739871424,"upper_bound":-0.40938962475032364},"point_estimate":-0.41382046015400875,"standard_error":0.0023903758047972685}}