{"mean":{"confidence_interval":{"confidence_level":0.95,"lower_bound":0.1476330246223374,"upper_bound":0.24642525330465134},"point_estimate":0.1939362912186018,"standard_error":0.025201739242886646},"median":{"confidence_interval":{"confidence_level":0.95,"lower_bound":0.11858112577804492,"upper_bound":0.18766324144461288},"point_estimate":0.14602995336989144,"standard_error":0.01721720265858139}}