{"mean":{"confidence_interval":{"confidence_level":0.95,"lower_bound":8945.8080906583,"upper_bound":9516.75055413966},"point_estimate":9211.08449038878,"standard_error":145.7143478703616},"median":{"confidence_interval":{"confidence_level":0.95,"lower_bound":8523.00054618279,"upper_bound":8648.381842456609},"point_estimate":8537.9764204124,"standard_error":30.89180300150285},"median_abs_dev":{"confidence_interval":{"confidence_level":0.95,"lower_bound":85.69538802635142,"upper_bound":284.9924893688413},"point_estimate":129.85506036868674,"standard_error":47.0248881368577},"slope":{"confidence_interval":{"confidence_level":0.95,"lower_bound":8999.360005902972,"upper_bound":9929.89460606822},"point_estimate":9426.241528196899,"standard_error":238.41975778568326},"std_dev":{"confidence_interval":{"confidence_level":0.95,"lower_bound":966.0711696102641,"upper_bound":1905.26505856585},"point_estimate":1462.973845099138,"standard_error":240.35151511512916}}