{"mean":{"confidence_interval":{"confidence_level":0.95,"lower_bound":0.4999594320575651,"upper_bound":0.6644785969248603},"point_estimate":0.579379596719116,"standard_error":0.0404633518547451},"median":{"confidence_interval":{"confidence_level":0.95,"lower_bound":0.4327872286260577,"upper_bound":0.44150200179787524},"point_estimate":0.43664567531204845,"standard_error":0.0020459230094463546}}