{"mean":{"confidence_interval":{"confidence_level":0.95,"lower_bound":8317010.641666664,"upper_bound":8482056.387499996},"point_estimate":8394431.666666668,"standard_error":42192.20880474447},"median":{"confidence_interval":{"confidence_level":0.95,"lower_bound":8233125.0,"upper_bound":8360583.333333333},"point_estimate":8318233.333333333,"standard_error":39119.611258154095},"median_abs_dev":{"confidence_interval":{"confidence_level":0.95,"lower_bound":182199.181765317,"upper_bound":311271.86447382043},"point_estimate":246408.11562538147,"standard_error":31975.787141470828},"slope":null,"std_dev":{"confidence_interval":{"confidence_level":0.95,"lower_bound":289397.86433445546,"upper_bound":555060.3278725859},"point_estimate":423391.15967827535,"standard_error":69124.13380345679}}