{"mean":{"confidence_interval":{"confidence_level":0.95,"lower_bound":0.768049621175908,"upper_bound":0.9123988395624538},"point_estimate":0.8357604776651049,"standard_error":0.037245099905964946},"median":{"confidence_interval":{"confidence_level":0.95,"lower_bound":0.6759260029226526,"upper_bound":0.7259957840387239},"point_estimate":0.6963467620963308,"standard_error":0.011135849222733304}}