{"mean":{"confidence_interval":{"confidence_level":0.95,"lower_bound":-0.02751106305328602,"upper_bound":0.00912203478689562},"point_estimate":-0.007903450876300844,"standard_error":0.009355485271089018},"median":{"confidence_interval":{"confidence_level":0.95,"lower_bound":-0.012607538734751733,"upper_bound":0.014868854851818141},"point_estimate":0.0005034124128096007,"standard_error":0.006723077549568989}}