{"mean":{"confidence_interval":{"confidence_level":0.95,"lower_bound":0.08230608071737151,"upper_bound":0.1351140476735303},"point_estimate":0.10718948452616384,"standard_error":0.013681068720342988},"median":{"confidence_interval":{"confidence_level":0.95,"lower_bound":0.050117977847088824,"upper_bound":0.06411356857488171},"point_estimate":0.055213036073379795,"standard_error":0.003527424997364642}}