{"mean":{"confidence_interval":{"confidence_level":0.95,"lower_bound":273312419.953,"upper_bound":279937022.24325},"point_estimate":276394171.34,"standard_error":1698840.386443675},"median":{"confidence_interval":{"confidence_level":0.95,"lower_bound":267671105.0,"upper_bound":279456110.0},"point_estimate":268491917.5,"standard_error":3149354.4311470003},"median_abs_dev":{"confidence_interval":{"confidence_level":0.95,"lower_bound":3751546.1398467445,"upper_bound":16209269.960027933},"point_estimate":5066619.358849525,"standard_error":3325317.681878375},"slope":null,"std_dev":{"confidence_interval":{"confidence_level":0.95,"lower_bound":10565692.869523728,"upper_bound":22355668.72148984},"point_estimate":17020821.064005293,"standard_error":3009240.0647480413}}