{"mean":{"confidence_interval":{"confidence_level":0.95,"lower_bound":-0.454505843669224,"upper_bound":-0.4305709389586199},"point_estimate":-0.44312338503028037,"standard_error":0.0061310732548468016},"median":{"confidence_interval":{"confidence_level":0.95,"lower_bound":-0.47856376442396786,"upper_bound":-0.4326145445024161},"point_estimate":-0.46989672339245436,"standard_error":0.012497405873103587}}