{"mean":{"confidence_interval":{"confidence_level":0.95,"lower_bound":-0.11036144763042816,"upper_bound":0.023445980107317695},"point_estimate":-0.04528555434109249,"standard_error":0.03407790752347647},"median":{"confidence_interval":{"confidence_level":0.95,"lower_bound":-0.16808276846295078,"upper_bound":-0.1549668369244499},"point_estimate":-0.16155957600113435,"standard_error":0.0034327781106360373}}