{"mean":{"confidence_interval":{"confidence_level":0.95,"lower_bound":34705864.48375,"upper_bound":36221047.7135},"point_estimate":35404815.235,"standard_error":388111.23772114166},"median":{"confidence_interval":{"confidence_level":0.95,"lower_bound":33891164.5,"upper_bound":33976354.0},"point_estimate":33920912.75,"standard_error":21343.722582311213},"median_abs_dev":{"confidence_interval":{"confidence_level":0.95,"lower_bound":97691.848115623,"upper_bound":239261.24245226383},"point_estimate":146943.07794123888,"standard_error":35661.62350907269},"slope":null,"std_dev":{"confidence_interval":{"confidence_level":0.95,"lower_bound":2433661.4539656453,"upper_bound":5047523.46463127},"point_estimate":3892836.082183663,"standard_error":665300.562433879}}