{"mean":{"confidence_interval":{"confidence_level":0.95,"lower_bound":-0.05364452751298826,"upper_bound":-0.02120383401693},"point_estimate":-0.0371131679642237,"standard_error":0.008276379859056469},"median":{"confidence_interval":{"confidence_level":0.95,"lower_bound":-0.03308516873544354,"upper_bound":-0.0062894841385208525},"point_estimate":-0.01660075141883466,"standard_error":0.006960691488467259}}