{"mean":{"confidence_interval":{"confidence_level":0.95,"lower_bound":0.3357131076458613,"upper_bound":0.5505150584615571},"point_estimate":0.43844560602129756,"standard_error":0.05399284282119707},"median":{"confidence_interval":{"confidence_level":0.95,"lower_bound":0.19973226874917738,"upper_bound":0.2164756138472066},"point_estimate":0.20646936524227888,"standard_error":0.004292841090399659}}