{"mean":{"confidence_interval":{"confidence_level":0.95,"lower_bound":0.48988689627896914,"upper_bound":0.5592356125679107},"point_estimate":0.5247925263074897,"standard_error":0.017766795096240493},"median":{"confidence_interval":{"confidence_level":0.95,"lower_bound":0.44470182300893296,"upper_bound":0.45216801291850395},"point_estimate":0.44873877828752384,"standard_error":0.0018961048879612002}}