{"mean":{"confidence_interval":{"confidence_level":0.95,"lower_bound":5661398.635,"upper_bound":5783381.7225},"point_estimate":5719600.9,"standard_error":31153.496421623906},"median":{"confidence_interval":{"confidence_level":0.95,"lower_bound":5632885.0,"upper_bound":5711340.0},"point_estimate":5663405.0,"standard_error":19747.88505972565},"median_abs_dev":{"confidence_interval":{"confidence_level":0.95,"lower_bound":117970.47990560532,"upper_bound":247764.69460129738},"point_estimate":176740.74286222458,"standard_error":32629.547052836515},"slope":null,"std_dev":{"confidence_interval":{"confidence_level":0.95,"lower_bound":230157.85943512278,"upper_bound":384984.4238421073},"point_estimate":313161.22870146,"standard_error":39615.897899286036}}