{"mean":{"confidence_interval":{"confidence_level":0.95,"lower_bound":-0.018765117831571518,"upper_bound":0.006485780563636002},"point_estimate":-0.0062585001140856855,"standard_error":0.006407114776213435},"median":{"confidence_interval":{"confidence_level":0.95,"lower_bound":-0.021547645863377873,"upper_bound":0.0004352604155559714},"point_estimate":-0.008964533112182371,"standard_error":0.005432248045338009}}