{"mean":{"confidence_interval":{"confidence_level":0.95,"lower_bound":38681901.488,"upper_bound":40446533.529874995},"point_estimate":39512686.955,"standard_error":452952.7556361208},"median":{"confidence_interval":{"confidence_level":0.95,"lower_bound":37408194.0,"upper_bound":37564056.0},"point_estimate":37490824.5,"standard_error":36462.883725827545},"median_abs_dev":{"confidence_interval":{"confidence_level":0.95,"lower_bound":116387.80443370342,"upper_bound":314887.5551596284},"point_estimate":206432.03123509884,"standard_error":48969.13195372324},"slope":null,"std_dev":{"confidence_interval":{"confidence_level":0.95,"lower_bound":3201050.7735556876,"upper_bound":5639137.819532764},"point_estimate":4547108.720270945,"standard_error":622046.7246973796}}