{"mean":{"confidence_interval":{"confidence_level":0.95,"lower_bound":0.6361970827094282,"upper_bound":0.6869480712432267},"point_estimate":0.6612640237294858,"standard_error":0.01336276151374613},"median":{"confidence_interval":{"confidence_level":0.95,"lower_bound":0.6150344441886328,"upper_bound":0.6217605299675931},"point_estimate":0.6184148964993648,"standard_error":0.0016198241780172114}}