{"mean":{"confidence_interval":{"confidence_level":0.95,"lower_bound":102.65345219528815,"upper_bound":118.86092107746101},"point_estimate":110.26532657501248,"standard_error":4.146381436395909},"median":{"confidence_interval":{"confidence_level":0.95,"lower_bound":91.74882183167388,"upper_bound":92.64881373612408},"point_estimate":92.03773602277933,"standard_error":0.23257459298912544},"median_abs_dev":{"confidence_interval":{"confidence_level":0.95,"lower_bound":0.920783879929454,"upper_bound":2.2235623479766318},"point_estimate":1.4371420525570073,"standard_error":0.3526523606039523},"slope":{"confidence_interval":{"confidence_level":0.95,"lower_bound":102.35011816019477,"upper_bound":119.61610589787236},"point_estimate":110.14427591969671,"standard_error":4.403782022729414},"std_dev":{"confidence_interval":{"confidence_level":0.95,"lower_bound":28.70888770126269,"upper_bound":52.570295572623586},"point_estimate":41.62670040584295,"standard_error":6.079191952580251}}