{"mean":{"confidence_interval":{"confidence_level":0.95,"lower_bound":0.35288486929470175,"upper_bound":0.47878845270812453},"point_estimate":0.4095898582343718,"standard_error":0.031569076301556795},"median":{"confidence_interval":{"confidence_level":0.95,"lower_bound":0.253559886068234,"upper_bound":0.2861157827415497},"point_estimate":0.26387000902888746,"standard_error":0.008353897558107257}}