{"mean":{"confidence_interval":{"confidence_level":0.95,"lower_bound":19449353.5355,"upper_bound":20610915.600916665},"point_estimate":19985916.253333326,"standard_error":297729.107225486},"median":{"confidence_interval":{"confidence_level":0.95,"lower_bound":18792938.5,"upper_bound":18846232.666666668},"point_estimate":18815614.0,"standard_error":14699.487048391282},"median_abs_dev":{"confidence_interval":{"confidence_level":0.95,"lower_bound":39990.66329002473,"upper_bound":115574.10414814857},"point_estimate":66480.02991974262,"standard_error":21385.83641932707},"slope":null,"std_dev":{"confidence_interval":{"confidence_level":0.95,"lower_bound":1877926.4974310482,"upper_bound":3897843.336164411},"point_estimate":2994372.9490976078,"standard_error":515010.49281660555}}