{"mean":{"confidence_interval":{"confidence_level":0.95,"lower_bound":1.7915449125712721,"upper_bound":1.9522358779976534},"point_estimate":1.866091948614891,"standard_error":0.04157192573814476},"median":{"confidence_interval":{"confidence_level":0.95,"lower_bound":1.7221819703972763,"upper_bound":1.7534870819589954},"point_estimate":1.7404195461560485,"standard_error":0.008591679911900053}}