{"mean":{"confidence_interval":{"confidence_level":0.95,"lower_bound":188379272.235,"upper_bound":194042472.08225},"point_estimate":191086682.79,"standard_error":1449131.1758093212},"median":{"confidence_interval":{"confidence_level":0.95,"lower_bound":181162598.0,"upper_bound":187140786.5},"point_estimate":184558240.0,"standard_error":1854735.5890489595},"median_abs_dev":{"confidence_interval":{"confidence_level":0.95,"lower_bound":970188.9598757029,"upper_bound":9596771.629763244},"point_estimate":5821425.090149045,"standard_error":2599749.6258937484},"slope":null,"std_dev":{"confidence_interval":{"confidence_level":0.95,"lower_bound":10950995.210915796,"upper_bound":17865947.496681012},"point_estimate":14598222.91983856,"standard_error":1766975.7459845836}}