{"mean":{"confidence_interval":{"confidence_level":0.95,"lower_bound":0.13371245766559706,"upper_bound":0.22710131033181488},"point_estimate":0.17844524917964266,"standard_error":0.02381266635552885},"median":{"confidence_interval":{"confidence_level":0.95,"lower_bound":0.1253069840216634,"upper_bound":0.1627714319477782},"point_estimate":0.1392428377089634,"standard_error":0.008807634304514143}}