{"mean":{"confidence_interval":{"confidence_level":0.95,"lower_bound":0.6863379944013454,"upper_bound":0.7458030217378995},"point_estimate":0.7125532743878917,"standard_error":0.015764348456905112},"median":{"confidence_interval":{"confidence_level":0.95,"lower_bound":0.6553158756274462,"upper_bound":0.6632995270745445},"point_estimate":0.6584633423844783,"standard_error":0.0020453073541854233}}