{"mean":{"confidence_interval":{"confidence_level":0.95,"lower_bound":-0.005933174346015382,"upper_bound":0.010737586443332461},"point_estimate":0.0026152204714102734,"standard_error":0.004265437994585684},"median":{"confidence_interval":{"confidence_level":0.95,"lower_bound":-0.009530141843971607,"upper_bound":0.0132263321688324},"point_estimate":0.0016649688719700961,"standard_error":0.005788968055997697}}