{"mean":{"confidence_interval":{"confidence_level":0.95,"lower_bound":-0.028554661529055458,"upper_bound":0.00979012091278418},"point_estimate":-0.009548638199175286,"standard_error":0.009759958878674922},"median":{"confidence_interval":{"confidence_level":0.95,"lower_bound":-0.0328034280834182,"upper_bound":-0.007272543357759953},"point_estimate":-0.015194595366196162,"standard_error":0.006659865526528375}}