{"mean":{"confidence_interval":{"confidence_level":0.95,"lower_bound":0.4935029139952349,"upper_bound":0.7255330449992292},"point_estimate":0.6063597349978276,"standard_error":0.05915618551930062},"median":{"confidence_interval":{"confidence_level":0.95,"lower_bound":0.631889211471554,"upper_bound":0.8479439115018998},"point_estimate":0.7333381445055975,"standard_error":0.05610603964530922}}