{"mean":{"confidence_interval":{"confidence_level":0.95,"lower_bound":0.38475904857080456,"upper_bound":0.5708200455548262},"point_estimate":0.46241248592121154,"standard_error":0.04553311071913496},"median":{"confidence_interval":{"confidence_level":0.95,"lower_bound":0.4138933001751999,"upper_bound":0.5645837824109214},"point_estimate":0.5098963324794659,"standard_error":0.04620158509660404}}