{"mean":{"confidence_interval":{"confidence_level":0.95,"lower_bound":29597850.36575,"upper_bound":32069577.864},"point_estimate":30728600.39,"standard_error":634631.116412714},"median":{"confidence_interval":{"confidence_level":0.95,"lower_bound":28259715.0,"upper_bound":28319222.75},"point_estimate":28278378.25,"standard_error":15647.887657085854},"median_abs_dev":{"confidence_interval":{"confidence_level":0.95,"lower_bound":61832.57320225239,"upper_bound":147360.80048382282},"point_estimate":87871.10588997602,"standard_error":21710.225813746456},"slope":null,"std_dev":{"confidence_interval":{"confidence_level":0.95,"lower_bound":3799658.67590225,"upper_bound":8697109.704569688},"point_estimate":6385919.513903878,"standard_error":1262426.4141536125}}