{"mean":{"confidence_interval":{"confidence_level":0.95,"lower_bound":6.217832865255626,"upper_bound":6.532436984799206},"point_estimate":6.369487830805042,"standard_error":0.0796419694203761},"median":{"confidence_interval":{"confidence_level":0.95,"lower_bound":6.11506663317151,"upper_bound":6.233678236361946},"point_estimate":6.173661353024887,"standard_error":0.03274338624559342}}