{"mean":{"confidence_interval":{"confidence_level":0.95,"lower_bound":44263767.51675,"upper_bound":46799581.049624994},"point_estimate":45440432.165,"standard_error":649165.0868671439},"median":{"confidence_interval":{"confidence_level":0.95,"lower_bound":42381482.75,"upper_bound":42725443.0},"point_estimate":42473696.75,"standard_error":94035.29004511668},"median_abs_dev":{"confidence_interval":{"confidence_level":0.95,"lower_bound":154318.27151030302,"upper_bound":679406.6270381212},"point_estimate":299231.2994375825,"standard_error":143242.97760057874},"slope":null,"std_dev":{"confidence_interval":{"confidence_level":0.95,"lower_bound":4297646.163715228,"upper_bound":8565099.791198961},"point_estimate":6534848.603011282,"standard_error":1096478.1355222487}}