{"mean":{"confidence_interval":{"confidence_level":0.95,"lower_bound":0.6984211650749895,"upper_bound":0.7900986327754871},"point_estimate":0.7443843170957098,"standard_error":0.023302120416682608},"median":{"confidence_interval":{"confidence_level":0.95,"lower_bound":0.6235510949144987,"upper_bound":0.6343669275766726},"point_estimate":0.6295100826650255,"standard_error":0.0029001351132666104}}