{"mean":{"confidence_interval":{"confidence_level":0.95,"lower_bound":-0.03890699215388813,"upper_bound":-0.02909090956205691},"point_estimate":-0.033833604736803635,"standard_error":0.0025250588796110703},"median":{"confidence_interval":{"confidence_level":0.95,"lower_bound":-0.04249211835629485,"upper_bound":-0.03312240563930277},"point_estimate":-0.0389209895158813,"standard_error":0.0024679303226420512}}