{"mean":{"confidence_interval":{"confidence_level":0.95,"lower_bound":0.14269299529526533,"upper_bound":0.26590551666733026},"point_estimate":0.2052600832781155,"standard_error":0.031431402634235606},"median":{"confidence_interval":{"confidence_level":0.95,"lower_bound":0.14474551154610826,"upper_bound":0.3040824861825182},"point_estimate":0.23121603433569504,"standard_error":0.04010464928631594}}