{"mean":{"confidence_interval":{"confidence_level":0.95,"lower_bound":-0.09463582571532587,"upper_bound":-0.03749048319956832},"point_estimate":-0.06757494371394468,"standard_error":0.015011982876851095},"median":{"confidence_interval":{"confidence_level":0.95,"lower_bound":-0.10676849635003172,"upper_bound":-0.07255795183617508},"point_estimate":-0.09409158101492321,"standard_error":0.008640374594035674}}