{"mean":{"confidence_interval":{"confidence_level":0.95,"lower_bound":10945.036294951573,"upper_bound":11222.958498687714},"point_estimate":11074.20613386323,"standard_error":70.96515817847808},"median":{"confidence_interval":{"confidence_level":0.95,"lower_bound":10764.982075543396,"upper_bound":10784.983796296296},"point_estimate":10768.844494301995,"standard_error":5.703939873217241},"median_abs_dev":{"confidence_interval":{"confidence_level":0.95,"lower_bound":20.4332752719028,"upper_bound":52.192818433567886},"point_estimate":28.732196779463198,"standard_error":8.401923546000113},"slope":{"confidence_interval":{"confidence_level":0.95,"lower_bound":10917.63027810242,"upper_bound":11281.355193422896},"point_estimate":11082.461422392986,"standard_error":93.37509022056646},"std_dev":{"confidence_interval":{"confidence_level":0.95,"lower_bound":477.85074033751266,"upper_bound":909.1486257224514},"point_estimate":714.1527804609672,"standard_error":110.20745912962447}}