{"mean":{"confidence_interval":{"confidence_level":0.95,"lower_bound":26503574.3375,"upper_bound":27430116.7625},"point_estimate":26939320.0,"standard_error":235515.0709731833},"median":{"confidence_interval":{"confidence_level":0.95,"lower_bound":25882400.0,"upper_bound":26595600.0},"point_estimate":26169875.0,"standard_error":218734.8553638977},"median_abs_dev":{"confidence_interval":{"confidence_level":0.95,"lower_bound":1003757.2471797466,"upper_bound":1835607.0274114609},"point_estimate":1331411.8413627148,"standard_error":225178.9328309448},"slope":null,"std_dev":{"confidence_interval":{"confidence_level":0.95,"lower_bound":1806844.640371829,"upper_bound":2878623.4323079474},"point_estimate":2368350.985049268,"standard_error":273441.68583673844}}