{"mean":{"confidence_interval":{"confidence_level":0.95,"lower_bound":2233107.434227272,"upper_bound":2369920.0044999993},"point_estimate":2296958.652272727,"standard_error":34976.42301820382},"median":{"confidence_interval":{"confidence_level":0.95,"lower_bound":2158334.909090909,"upper_bound":2167685.090909091},"point_estimate":2163219.5681818184,"standard_error":1984.1542404081417},"median_abs_dev":{"confidence_interval":{"confidence_level":0.95,"lower_bound":22964.42650605014,"upper_bound":54291.19365432058},"point_estimate":34199.33576556785,"standard_error":7852.083262181586},"slope":null,"std_dev":{"confidence_interval":{"confidence_level":0.95,"lower_bound":230826.01510749536,"upper_bound":450316.49847346125},"point_estimate":352218.9954686216,"standard_error":55999.133554986416}}