{"mean":{"confidence_interval":{"confidence_level":0.95,"lower_bound":0.6063114310736132,"upper_bound":0.645344115095834},"point_estimate":0.62475935586469,"standard_error":0.009977311446946819},"median":{"confidence_interval":{"confidence_level":0.95,"lower_bound":0.5901743964725208,"upper_bound":0.6074369689998618},"point_estimate":0.5997535874432252,"standard_error":0.0049450862312164015}}