{"mean":{"confidence_interval":{"confidence_level":0.95,"lower_bound":0.2923517064933023,"upper_bound":0.398114641961695},"point_estimate":0.3440269040115711,"standard_error":0.027935792450454747},"median":{"confidence_interval":{"confidence_level":0.95,"lower_bound":0.23339587967364972,"upper_bound":0.24381086901786198},"point_estimate":0.23688868161407228,"standard_error":0.002686140352909586}}