{"mean":{"confidence_interval":{"confidence_level":0.95,"lower_bound":7232387.204678573,"upper_bound":7778296.832714286},"point_estimate":7479475.03857143,"standard_error":139617.4096200931},"median":{"confidence_interval":{"confidence_level":0.95,"lower_bound":6958146.357142856,"upper_bound":6983029.571428572},"point_estimate":6969160.142857144,"standard_error":5837.642581029506},"median_abs_dev":{"confidence_interval":{"confidence_level":0.95,"lower_bound":26319.469497736292,"upper_bound":50595.736201746324},"point_estimate":37672.75943117561,"standard_error":5928.675295956813},"slope":null,"std_dev":{"confidence_interval":{"confidence_level":0.95,"lower_bound":784903.1046984349,"upper_bound":1906517.3110823203},"point_estimate":1403136.2001587152,"standard_error":284822.45553987345}}