{"mean":{"confidence_interval":{"confidence_level":0.95,"lower_bound":155223277.925,"upper_bound":156715096.125},"point_estimate":155942681.0,"standard_error":380053.75436307053},"median":{"confidence_interval":{"confidence_level":0.95,"lower_bound":154343750.0,"upper_bound":155541900.0},"point_estimate":155145650.0,"standard_error":345761.0599125176},"median_abs_dev":{"confidence_interval":{"confidence_level":0.95,"lower_bound":2108701.942563057,"upper_bound":3758094.413280487},"point_estimate":2831914.2097234726,"standard_error":420933.33682632074},"slope":null,"std_dev":{"confidence_interval":{"confidence_level":0.95,"lower_bound":3070932.1174868937,"upper_bound":4452573.243732806},"point_estimate":3815119.5098559936,"standard_error":352537.71476415126}}