{"mean":{"confidence_interval":{"confidence_level":0.95,"lower_bound":-0.010566803598157856,"upper_bound":0.00041355148635015347},"point_estimate":-0.005224856086196605,"standard_error":0.002829433953085364},"median":{"confidence_interval":{"confidence_level":0.95,"lower_bound":-0.015542836973760465,"upper_bound":-0.0032089367324403817},"point_estimate":-0.008642854383346776,"standard_error":0.003031674404855508}}