{"mean":{"confidence_interval":{"confidence_level":0.95,"lower_bound":-0.9240749641823169,"upper_bound":-0.920261794212577},"point_estimate":-0.922203995232155,"standard_error":0.0009793316856737315},"median":{"confidence_interval":{"confidence_level":0.95,"lower_bound":-0.9246525703818855,"upper_bound":-0.9209008323885162},"point_estimate":-0.9231716560548711,"standard_error":0.0010056574573266328}}