{"mean":{"confidence_interval":{"confidence_level":0.95,"lower_bound":1.5258524795157526,"upper_bound":1.6308889544214638},"point_estimate":1.5778335248018154,"standard_error":0.026877278533796015},"median":{"confidence_interval":{"confidence_level":0.95,"lower_bound":1.5010379858757013,"upper_bound":1.534615662131046},"point_estimate":1.5253303791514665,"standard_error":0.008827246578767838}}