{"mean":{"confidence_interval":{"confidence_level":0.95,"lower_bound":799048.8413843855,"upper_bound":884857.753509948},"point_estimate":839954.2607114519,"standard_error":21942.54580653586},"median":{"confidence_interval":{"confidence_level":0.95,"lower_bound":728934.32,"upper_bound":734962.8087912088},"point_estimate":729860.4402056277,"standard_error":2212.727827646079},"median_abs_dev":{"confidence_interval":{"confidence_level":0.95,"lower_bound":3601.6639899094694,"upper_bound":13883.069292577322},"point_estimate":5632.72418834977,"standard_error":3336.6606192459894},"slope":{"confidence_interval":{"confidence_level":0.95,"lower_bound":747494.2804119562,"upper_bound":796124.1773147827},"point_estimate":769050.0647436087,"standard_error":12468.951727998396},"std_dev":{"confidence_interval":{"confidence_level":0.95,"lower_bound":169892.97509502387,"upper_bound":260441.93167819618},"point_estimate":220836.27057091522,"standard_error":23167.853820932032}}