{"mean":{"confidence_interval":{"confidence_level":0.95,"lower_bound":-0.0074198919720393375,"upper_bound":0.12286769838699241},"point_estimate":0.05466806079673803,"standard_error":0.03323414430323704},"median":{"confidence_interval":{"confidence_level":0.95,"lower_bound":-0.07740016894894053,"upper_bound":-0.06762681810770399},"point_estimate":-0.07087356909732756,"standard_error":0.0023594252335027554}}