{"mean":{"confidence_interval":{"confidence_level":0.95,"lower_bound":0.013462399641472722,"upper_bound":0.042879366895656384},"point_estimate":0.028044601780510048,"standard_error":0.007440732152702687},"median":{"confidence_interval":{"confidence_level":0.95,"lower_bound":0.020425662497381314,"upper_bound":0.04444663042637648},"point_estimate":0.03585309844977447,"standard_error":0.006512953557492213}}