{"mean":{"confidence_interval":{"confidence_level":0.95,"lower_bound":0.29538029400622906,"upper_bound":0.3521350489832387},"point_estimate":0.3213137524846701,"standard_error":0.014158610406764706},"median":{"confidence_interval":{"confidence_level":0.95,"lower_bound":0.2609727006223952,"upper_bound":0.2838921149916496},"point_estimate":0.2706916271665749,"standard_error":0.006373189484123919}}