{"mean":{"confidence_interval":{"confidence_level":0.95,"lower_bound":4756980.944659089,"upper_bound":4957258.699704545},"point_estimate":4851220.049999998,"standard_error":51317.193561050015},"median":{"confidence_interval":{"confidence_level":0.95,"lower_bound":4639350.818181818,"upper_bound":4649184.090909091},"point_estimate":4644280.909090909,"standard_error":2530.5000310831683},"median_abs_dev":{"confidence_interval":{"confidence_level":0.95,"lower_bound":13644.367557764053,"upper_bound":29586.899856545584},"point_estimate":20749.390977079533,"standard_error":4291.80530901584},"slope":null,"std_dev":{"confidence_interval":{"confidence_level":0.95,"lower_bound":353067.2098725557,"upper_bound":638535.718369689},"point_estimate":514880.5475531746,"standard_error":72987.87941300971}}