{"mean":{"confidence_interval":{"confidence_level":0.95,"lower_bound":-0.039321724454163584,"upper_bound":0.03413754257101174},"point_estimate":-0.005521906150446232,"standard_error":0.018824711214685798},"median":{"confidence_interval":{"confidence_level":0.95,"lower_bound":-0.06690731639914367,"upper_bound":0.07024414522758615},"point_estimate":0.005864788472323079,"standard_error":0.03370312582170513}}