{"mean":{"confidence_interval":{"confidence_level":0.95,"lower_bound":34322290.059875004,"upper_bound":36564206.449625},"point_estimate":35348905.49,"standard_error":575263.178916939},"median":{"confidence_interval":{"confidence_level":0.95,"lower_bound":32955548.5,"upper_bound":33160928.75},"point_estimate":33013848.0,"standard_error":55296.067491245536},"median_abs_dev":{"confidence_interval":{"confidence_level":0.95,"lower_bound":107056.6908493638,"upper_bound":385389.4834479684},"point_estimate":198357.79177844524,"standard_error":71451.18287381565},"slope":null,"std_dev":{"confidence_interval":{"confidence_level":0.95,"lower_bound":3402857.127658981,"upper_bound":7848080.730277805},"point_estimate":5765064.134751106,"standard_error":1141745.8335104624}}