{"mean":{"confidence_interval":{"confidence_level":0.95,"lower_bound":0.5509844555462509,"upper_bound":0.6081524369971016},"point_estimate":0.5793259699883269,"standard_error":0.014271358079077744},"median":{"confidence_interval":{"confidence_level":0.95,"lower_bound":0.5099628621771994,"upper_bound":0.5208328370321563},"point_estimate":0.515108461586723,"standard_error":0.0027158496653369563}}