{"mean":{"confidence_interval":{"confidence_level":0.95,"lower_bound":77304352.5125,"upper_bound":80712091.25299999},"point_estimate":78879451.27,"standard_error":872018.254421157},"median":{"confidence_interval":{"confidence_level":0.95,"lower_bound":75185689.0,"upper_bound":75639588.5},"point_estimate":75383913.5,"standard_error":116823.93049992571},"median_abs_dev":{"confidence_interval":{"confidence_level":0.95,"lower_bound":348342.79421567917,"upper_bound":942782.6360497604},"point_estimate":578745.5018252134,"standard_error":156718.71386910297},"slope":null,"std_dev":{"confidence_interval":{"confidence_level":0.95,"lower_bound":5620870.460424062,"upper_bound":11345962.215961523},"point_estimate":8766854.851367852,"standard_error":1458561.109628911}}