{"mean":{"confidence_interval":{"confidence_level":0.95,"lower_bound":9707563.42420833,"upper_bound":10346885.786125},"point_estimate":10004981.398333333,"standard_error":163929.6398635378},"median":{"confidence_interval":{"confidence_level":0.95,"lower_bound":9336663.583333334,"upper_bound":9373213.333333334},"point_estimate":9346493.166666666,"standard_error":11029.475577105775},"median_abs_dev":{"confidence_interval":{"confidence_level":0.95,"lower_bound":35867.05856323242,"upper_bound":92060.68631559702},"point_estimate":50950.042295455474,"standard_error":15208.950222073705},"slope":null,"std_dev":{"confidence_interval":{"confidence_level":0.95,"lower_bound":1090709.2165706537,"upper_bound":2086168.5669971372},"point_estimate":1644314.9512887264,"standard_error":254216.43296987208}}