{"mean":{"confidence_interval":{"confidence_level":0.95,"lower_bound":5034417.739175,"upper_bound":5295023.1208999995},"point_estimate":5152819.552000002,"standard_error":66718.3786124573},"median":{"confidence_interval":{"confidence_level":0.95,"lower_bound":4906103.6,"upper_bound":4913487.1},"point_estimate":4908788.0,"standard_error":1876.126477490275},"median_abs_dev":{"confidence_interval":{"confidence_level":0.95,"lower_bound":11844.268799722333,"upper_bound":24684.770651756888},"point_estimate":16132.02205359991,"standard_error":3296.3979930385494},"slope":null,"std_dev":{"confidence_interval":{"confidence_level":0.95,"lower_bound":400789.1144715653,"upper_bound":889968.3683678455},"point_estimate":669914.2412592333,"standard_error":125011.43973995231}}