{"mean":{"confidence_interval":{"confidence_level":0.95,"lower_bound":8612948.453999998,"upper_bound":8896836.249249998},"point_estimate":8745350.048333332,"standard_error":72874.75062965057},"median":{"confidence_interval":{"confidence_level":0.95,"lower_bound":8435945.666666666,"upper_bound":8451751.916666668},"point_estimate":8441520.416666666,"standard_error":4891.580409749292},"median_abs_dev":{"confidence_interval":{"confidence_level":0.95,"lower_bound":16707.913303373403,"upper_bound":38339.99207682995},"point_estimate":24661.938612161684,"standard_error":6248.087608929541},"slope":null,"std_dev":{"confidence_interval":{"confidence_level":0.95,"lower_bound":502885.73659987096,"upper_bound":918865.7247865766},"point_estimate":731722.3958790328,"standard_error":106218.00545387792}}