{"mean":{"confidence_interval":{"confidence_level":0.95,"lower_bound":0.3831623781481401,"upper_bound":0.4717235781290281},"point_estimate":0.4253847933432169,"standard_error":0.0226937838799499},"median":{"confidence_interval":{"confidence_level":0.95,"lower_bound":0.3494535697158203,"upper_bound":0.37808484562186595},"point_estimate":0.3664236979118425,"standard_error":0.006902972817669445}}