{"mean":{"confidence_interval":{"confidence_level":0.95,"lower_bound":0.22336702469901074,"upper_bound":0.30420230112923147},"point_estimate":0.2616310584608761,"standard_error":0.020680117543115675},"median":{"confidence_interval":{"confidence_level":0.95,"lower_bound":0.16310172678220403,"upper_bound":0.1855218753121708},"point_estimate":0.17053177575887712,"standard_error":0.005745518641933056}}