{"mean":{"confidence_interval":{"confidence_level":0.95,"lower_bound":304932394.075,"upper_bound":308932137.875},"point_estimate":306919112.0,"standard_error":1020540.5995758502},"median":{"confidence_interval":{"confidence_level":0.95,"lower_bound":304761700.0,"upper_bound":309416550.0},"point_estimate":307180650.0,"standard_error":1386204.7694820445},"median_abs_dev":{"confidence_interval":{"confidence_level":0.95,"lower_bound":7323747.349977493,"upper_bound":12963261.12985611},"point_estimate":10479832.04394579,"standard_error":1460691.3879123346},"slope":null,"std_dev":{"confidence_interval":{"confidence_level":0.95,"lower_bound":8487288.048154097,"upper_bound":12025238.742763234},"point_estimate":10259073.422120567,"standard_error":911457.5492760347}}