{"mean":{"confidence_interval":{"confidence_level":0.95,"lower_bound":0.4419550603076716,"upper_bound":0.5427236010752667},"point_estimate":0.49019391769108345,"standard_error":0.025645049585392758},"median":{"confidence_interval":{"confidence_level":0.95,"lower_bound":0.38714197848150644,"upper_bound":0.4006836955682367},"point_estimate":0.3958037614244081,"standard_error":0.003543187191410212}}