{"mean":{"confidence_interval":{"confidence_level":0.95,"lower_bound":0.6523802053262434,"upper_bound":0.7099593955395541},"point_estimate":0.6808775159221438,"standard_error":0.014666258192874095},"median":{"confidence_interval":{"confidence_level":0.95,"lower_bound":0.6446285804017433,"upper_bound":0.6627349120575732},"point_estimate":0.6540973781574475,"standard_error":0.00509854162032813}}