{"mean":{"confidence_interval":{"confidence_level":0.95,"lower_bound":2490956.4691125005,"upper_bound":2614579.283337501},"point_estimate":2548859.980999999,"standard_error":31631.011420106475},"median":{"confidence_interval":{"confidence_level":0.95,"lower_bound":2412666.75,"upper_bound":2418347.60125},"point_estimate":2413880.375,"standard_error":1447.9150208002475},"median_abs_dev":{"confidence_interval":{"confidence_level":0.95,"lower_bound":5190.248922855214,"upper_bound":14023.32752403608},"point_estimate":8097.849861234496,"standard_error":2235.672826362939},"slope":null,"std_dev":{"confidence_interval":{"confidence_level":0.95,"lower_bound":211916.46123622626,"upper_bound":404897.81301418936},"point_estimate":318826.916296841,"standard_error":49279.31262358834}}