{"mean":{"confidence_interval":{"confidence_level":0.95,"lower_bound":82203760.4075,"upper_bound":86276886.6785},"point_estimate":84105215.69,"standard_error":1041685.5003444545},"median":{"confidence_interval":{"confidence_level":0.95,"lower_bound":79291797.0,"upper_bound":79620359.0},"point_estimate":79408325.0,"standard_error":86992.1832395401},"median_abs_dev":{"confidence_interval":{"confidence_level":0.95,"lower_bound":240194.5391356945,"upper_bound":697228.2200217247},"point_estimate":369114.0198469162,"standard_error":125581.03783026231},"slope":null,"std_dev":{"confidence_interval":{"confidence_level":0.95,"lower_bound":6939834.938671106,"upper_bound":13515555.1052993},"point_estimate":10516248.751590384,"standard_error":1681567.7238511886}}