{"mean":{"confidence_interval":{"confidence_level":0.95,"lower_bound":0.6756391052175575,"upper_bound":0.736768443210387},"point_estimate":0.7050627267938376,"standard_error":0.015155642590103331},"median":{"confidence_interval":{"confidence_level":0.95,"lower_bound":0.6402976070286186,"upper_bound":0.6589264744005718},"point_estimate":0.6503719130463068,"standard_error":0.004856566872995882}}