{"mean":{"confidence_interval":{"confidence_level":0.95,"lower_bound":6863683.935718751,"upper_bound":7136498.62},"point_estimate":6988790.73125,"standard_error":70040.89551481266},"median":{"confidence_interval":{"confidence_level":0.95,"lower_bound":6711075.9375,"upper_bound":6720425.0},"point_estimate":6715679.0,"standard_error":3026.6624616425484},"median_abs_dev":{"confidence_interval":{"confidence_level":0.95,"lower_bound":13214.413565397263,"upper_bound":32444.84717398882},"point_estimate":21304.312984272838,"standard_error":5747.6758130703165},"slope":null,"std_dev":{"confidence_interval":{"confidence_level":0.95,"lower_bound":433004.00542415277,"upper_bound":944482.0106303928},"point_estimate":704080.1794030529,"standard_error":132092.71096438385}}