{"mean":{"confidence_interval":{"confidence_level":0.95,"lower_bound":0.36278933472130254,"upper_bound":0.4446422534802755},"point_estimate":0.4017319715587011,"standard_error":0.02094153180412728},"median":{"confidence_interval":{"confidence_level":0.95,"lower_bound":0.2880485720232857,"upper_bound":0.29871252587990504},"point_estimate":0.29379880263762925,"standard_error":0.002686753418194179}}