{"mean":{"confidence_interval":{"confidence_level":0.95,"lower_bound":176730651.37925,"upper_bound":182422277.889},"point_estimate":179364355.47,"standard_error":1453311.1939131066},"median":{"confidence_interval":{"confidence_level":0.95,"lower_bound":172172828.0,"upper_bound":174574783.0},"point_estimate":172622275.5,"standard_error":668422.5921308491},"median_abs_dev":{"confidence_interval":{"confidence_level":0.95,"lower_bound":715553.1556963921,"upper_bound":3998608.4527105093},"point_estimate":1516147.5045830011,"standard_error":875071.7204053841},"slope":null,"std_dev":{"confidence_interval":{"confidence_level":0.95,"lower_bound":9615455.351321973,"upper_bound":19433534.929655537},"point_estimate":14601303.06971605,"standard_error":2547630.407815694}}