{"mean":{"confidence_interval":{"confidence_level":0.95,"lower_bound":6.824896125742468,"upper_bound":7.192247163480837},"point_estimate":7.001098568736266,"standard_error":0.09424125839544562},"median":{"confidence_interval":{"confidence_level":0.95,"lower_bound":6.701670512347404,"upper_bound":6.839476125553453},"point_estimate":6.801938102491156,"standard_error":0.033931236939270304}}