{"mean":{"confidence_interval":{"confidence_level":0.95,"lower_bound":-0.29669587411042747,"upper_bound":-0.2850374273039277},"point_estimate":-0.29073213192132463,"standard_error":0.002970849390529986},"median":{"confidence_interval":{"confidence_level":0.95,"lower_bound":-0.29155993785172596,"upper_bound":-0.2788917568962118},"point_estimate":-0.2825684661191853,"standard_error":0.0030607271011431412}}