{"mean":{"confidence_interval":{"confidence_level":0.95,"lower_bound":0.7024226126567688,"upper_bound":0.7438723677595521},"point_estimate":0.7214995541842253,"standard_error":0.01078493663006571},"median":{"confidence_interval":{"confidence_level":0.95,"lower_bound":0.6777634017409007,"upper_bound":0.6880218214363545},"point_estimate":0.6818800799009059,"standard_error":0.003004709530459031}}