{"mean":{"confidence_interval":{"confidence_level":0.95,"lower_bound":4764220.68495,"upper_bound":4963370.022400002},"point_estimate":4855214.745000001,"standard_error":50975.89492399221},"median":{"confidence_interval":{"confidence_level":0.95,"lower_bound":4681694.85,"upper_bound":4691664.5},"point_estimate":4686769.3,"standard_error":2787.055246222136},"median_abs_dev":{"confidence_interval":{"confidence_level":0.95,"lower_bound":11208.051792515713,"upper_bound":24566.310913860798},"point_estimate":18144.577387869496,"standard_error":3723.7173927107865},"slope":null,"std_dev":{"confidence_interval":{"confidence_level":0.95,"lower_bound":300106.647405881,"upper_bound":682393.126182641},"point_estimate":511948.633843381,"standard_error":97607.37677108485}}