{"mean":{"confidence_interval":{"confidence_level":0.95,"lower_bound":-0.08442987326202948,"upper_bound":-0.039863615471221185},"point_estimate":-0.06259950337122955,"standard_error":0.01155025463590616},"median":{"confidence_interval":{"confidence_level":0.95,"lower_bound":-0.10295848079167447,"upper_bound":-0.08381192177950447},"point_estimate":-0.09392576882077242,"standard_error":0.004706637638072132}}