{"mean":{"confidence_interval":{"confidence_level":0.95,"lower_bound":-0.06427241547676835,"upper_bound":-0.019057653736716862},"point_estimate":-0.04223922037693251,"standard_error":0.011629104688146577},"median":{"confidence_interval":{"confidence_level":0.95,"lower_bound":-0.08587640799948537,"upper_bound":-0.06867856712942155},"point_estimate":-0.07893921168329632,"standard_error":0.004765821585749855}}