{"mean":{"confidence_interval":{"confidence_level":0.95,"lower_bound":278506249.275,"upper_bound":280616730.0},"point_estimate":279453191.0,"standard_error":537984.3869089241},"median":{"confidence_interval":{"confidence_level":0.95,"lower_bound":277503000.0,"upper_bound":278500600.0},"point_estimate":277995250.0,"standard_error":253712.6088255259},"median_abs_dev":{"confidence_interval":{"confidence_level":0.95,"lower_bound":1300536.6969108582,"upper_bound":2319157.0088267326},"point_estimate":1882086.5365862846,"standard_error":269582.6483092887},"slope":null,"std_dev":{"confidence_interval":{"confidence_level":0.95,"lower_bound":2717607.4785915324,"upper_bound":7636448.203486118},"point_estimate":5419323.327025938,"standard_error":1263432.4056269522}}