{"mean":{"confidence_interval":{"confidence_level":0.95,"lower_bound":0.4872463573683676,"upper_bound":0.608555195955209},"point_estimate":0.5412858655534201,"standard_error":0.030897921678241493},"median":{"confidence_interval":{"confidence_level":0.95,"lower_bound":0.429755118628758,"upper_bound":0.440235376342061},"point_estimate":0.4351041553603756,"standard_error":0.0027136471468106648}}