{"mean":{"confidence_interval":{"confidence_level":0.95,"lower_bound":0.6261006629444094,"upper_bound":0.7238928068510321},"point_estimate":0.675303609745068,"standard_error":0.024753579099249932},"median":{"confidence_interval":{"confidence_level":0.95,"lower_bound":0.5482675205098286,"upper_bound":0.564649681631801},"point_estimate":0.5579008439219424,"standard_error":0.005310043277282125}}