{"mean":{"confidence_interval":{"confidence_level":0.95,"lower_bound":27907972.555625,"upper_bound":29735836.827375},"point_estimate":28724281.845,"standard_error":468362.08356212126},"median":{"confidence_interval":{"confidence_level":0.95,"lower_bound":27021560.5,"upper_bound":27081057.5},"point_estimate":27040723.75,"standard_error":14994.288232226996},"median_abs_dev":{"confidence_interval":{"confidence_level":0.95,"lower_bound":60963.028317689896,"upper_bound":142480.82267045975},"point_estimate":87213.57280164957,"standard_error":20641.738475650483},"slope":null,"std_dev":{"confidence_interval":{"confidence_level":0.95,"lower_bound":2429792.047627103,"upper_bound":6859871.200881211},"point_estimate":4710001.609825541,"standard_error":1181771.527600876}}