{"mean":{"confidence_interval":{"confidence_level":0.95,"lower_bound":10395.255077998114,"upper_bound":10904.846913782814},"point_estimate":10632.962652849998,"standard_error":130.51407546462266},"median":{"confidence_interval":{"confidence_level":0.95,"lower_bound":10065.420727522305,"upper_bound":10120.690070921986},"point_estimate":10084.59835864464,"standard_error":14.978273421155844},"median_abs_dev":{"confidence_interval":{"confidence_level":0.95,"lower_bound":57.00968675383424,"upper_bound":134.7377220146845},"point_estimate":87.77182874698508,"standard_error":19.684186939599407},"slope":{"confidence_interval":{"confidence_level":0.95,"lower_bound":10400.085560801737,"upper_bound":11033.337188901713},"point_estimate":10695.392773126154,"standard_error":162.24627045380382},"std_dev":{"confidence_interval":{"confidence_level":0.95,"lower_bound":879.6828479940275,"upper_bound":1672.857237621697},"point_estimate":1311.968468383499,"standard_error":203.18738605188904}}