{"mean":{"confidence_interval":{"confidence_level":0.95,"lower_bound":7.153349973806102,"upper_bound":7.7171638054997675},"point_estimate":7.39881787173047,"standard_error":0.14148019119437494},"median":{"confidence_interval":{"confidence_level":0.95,"lower_bound":6.798118771092587,"upper_bound":6.9273872084857},"point_estimate":6.856975599867851,"standard_error":0.03210406682987757}}