{"mean":{"confidence_interval":{"confidence_level":0.95,"lower_bound":77360.73184899,"upper_bound":82994.44367101243},"point_estimate":79860.25546717462,"standard_error":1454.9415453710958},"median":{"confidence_interval":{"confidence_level":0.95,"lower_bound":75100.08333333333,"upper_bound":75385.46309216192},"point_estimate":75182.06223882997,"standard_error":69.3912032846333},"median_abs_dev":{"confidence_interval":{"confidence_level":0.95,"lower_bound":211.5564095931826,"upper_bound":607.5762367687137},"point_estimate":323.96203222042675,"standard_error":92.0457338706784},"slope":{"confidence_interval":{"confidence_level":0.95,"lower_bound":77228.7590379373,"upper_bound":81913.91453846266},"point_estimate":79361.54001354612,"standard_error":1202.0047615765059},"std_dev":{"confidence_interval":{"confidence_level":0.95,"lower_bound":6838.2017157061155,"upper_bound":21139.46037386009},"point_estimate":14608.175671188274,"standard_error":3692.102835117059}}