{"mean":{"confidence_interval":{"confidence_level":0.95,"lower_bound":2.2415443274894615,"upper_bound":2.401318221895395},"point_estimate":2.321149882439654,"standard_error":0.04094867590199908},"median":{"confidence_interval":{"confidence_level":0.95,"lower_bound":2.21011209461616,"upper_bound":2.2458966622583563},"point_estimate":2.2211867063417414,"standard_error":0.009386275978506718}}