{"mean":{"confidence_interval":{"confidence_level":0.95,"lower_bound":2426248.8217499997,"upper_bound":2570907.369178571},"point_estimate":2492935.1447619037,"standard_error":37036.159363377235},"median":{"confidence_interval":{"confidence_level":0.95,"lower_bound":2335458.738095238,"upper_bound":2342900.1904761903},"point_estimate":2337425.261904762,"standard_error":1814.4151494863993},"median_abs_dev":{"confidence_interval":{"confidence_level":0.95,"lower_bound":8225.076353975375,"upper_bound":20196.118041447444},"point_estimate":12459.487778800483,"standard_error":2994.3632425707624},"slope":null,"std_dev":{"confidence_interval":{"confidence_level":0.95,"lower_bound":238896.85933616656,"upper_bound":489502.006150478},"point_estimate":371158.88199202245,"standard_error":64598.70037533703}}