{"mean":{"confidence_interval":{"confidence_level":0.95,"lower_bound":2186209.5592187494,"upper_bound":2304945.09890625},"point_estimate":2242467.5012500007,"standard_error":30378.513730850715},"median":{"confidence_interval":{"confidence_level":0.95,"lower_bound":2089407.1666666667,"upper_bound":2094097.4583333333},"point_estimate":2090725.9375,"standard_error":1236.3911058964957},"median_abs_dev":{"confidence_interval":{"confidence_level":0.95,"lower_bound":3954.742767289281,"upper_bound":10991.224017366709},"point_estimate":5755.051560327353,"standard_error":1881.8764374037262},"slope":null,"std_dev":{"confidence_interval":{"confidence_level":0.95,"lower_bound":228605.95374827817,"upper_bound":368595.10472168546},"point_estimate":305368.36372609274,"standard_error":35766.13673923987}}