{"mean":{"confidence_interval":{"confidence_level":0.95,"lower_bound":-0.04264575713208766,"upper_bound":-0.004246044145109748},"point_estimate":-0.02255154292688133,"standard_error":0.009785401824967522},"median":{"confidence_interval":{"confidence_level":0.95,"lower_bound":-0.019780910686389763,"upper_bound":-0.0012081050879509947},"point_estimate":-0.011478399999999889,"standard_error":0.004790608111098963}}