{"mean":{"confidence_interval":{"confidence_level":0.95,"lower_bound":0.004095560740920323,"upper_bound":0.021568526644809363},"point_estimate":0.012627121028720767,"standard_error":0.00439044002659945},"median":{"confidence_interval":{"confidence_level":0.95,"lower_bound":0.0070101335931499155,"upper_bound":0.01883360198673567},"point_estimate":0.015176450216865423,"standard_error":0.00287166463975547}}