{"mean":{"confidence_interval":{"confidence_level":0.95,"lower_bound":87365647.49425,"upper_bound":92125804.2765},"point_estimate":89573532.06,"standard_error":1217021.486722827},"median":{"confidence_interval":{"confidence_level":0.95,"lower_bound":84114516.0,"upper_bound":84402718.0},"point_estimate":84199936.5,"standard_error":95849.24134102666},"median_abs_dev":{"confidence_interval":{"confidence_level":0.95,"lower_bound":296521.47733569145,"upper_bound":733992.2515690327},"point_estimate":426956.17522001266,"standard_error":147549.9919312568},"slope":null,"std_dev":{"confidence_interval":{"confidence_level":0.95,"lower_bound":7948210.713914605,"upper_bound":15742469.169683943},"point_estimate":12259929.396162458,"standard_error":1989536.7356747158}}