{"mean":{"confidence_interval":{"confidence_level":0.95,"lower_bound":0.4110604680864787,"upper_bound":0.5207526575864801},"point_estimate":0.4633782200800707,"standard_error":0.02936551164295095},"median":{"confidence_interval":{"confidence_level":0.95,"lower_bound":0.3521724664078931,"upper_bound":0.3625583725373853},"point_estimate":0.35631633487117864,"standard_error":0.0026986281622667784}}