{"mean":{"confidence_interval":{"confidence_level":0.95,"lower_bound":0.15772770031199598,"upper_bound":0.28408515849693317},"point_estimate":0.21307205095269244,"standard_error":0.032967739882766044},"median":{"confidence_interval":{"confidence_level":0.95,"lower_bound":0.10694264864339842,"upper_bound":0.12044247890264104},"point_estimate":0.11318422965169872,"standard_error":0.003649562303716524}}