{"mean":{"confidence_interval":{"confidence_level":0.95,"lower_bound":0.5660657845626057,"upper_bound":0.6394261525289427},"point_estimate":0.6002145546350803,"standard_error":0.019075631941755496},"median":{"confidence_interval":{"confidence_level":0.95,"lower_bound":0.5410233733078507,"upper_bound":0.5609645603976225},"point_estimate":0.5505805854906349,"standard_error":0.004457162404695813}}