{"mean":{"confidence_interval":{"confidence_level":0.95,"lower_bound":133975886.02425,"upper_bound":138649019.90574998},"point_estimate":136106644.08,"standard_error":1196804.5460948115},"median":{"confidence_interval":{"confidence_level":0.95,"lower_bound":130781720.5,"upper_bound":132110880.5},"point_estimate":131106439.5,"standard_error":346515.6171199018},"median_abs_dev":{"confidence_interval":{"confidence_level":0.95,"lower_bound":616403.096376658,"upper_bound":2433497.009111786},"point_estimate":1173944.156858325,"standard_error":466709.6620409687},"slope":null,"std_dev":{"confidence_interval":{"confidence_level":0.95,"lower_bound":7125352.509484096,"upper_bound":16662593.939673228},"point_estimate":12013250.39583968,"standard_error":2489523.2789835185}}