{"mean":{"confidence_interval":{"confidence_level":0.95,"lower_bound":-0.0253701082271776,"upper_bound":-0.009891849287902096},"point_estimate":-0.018386891359281177,"standard_error":0.003928345451617973},"median":{"confidence_interval":{"confidence_level":0.95,"lower_bound":-0.027879991635991197,"upper_bound":-0.012237679768809077},"point_estimate":-0.02116643366526061,"standard_error":0.0041871945241340166}}