{"mean":{"confidence_interval":{"confidence_level":0.95,"lower_bound":0.6838106428539613,"upper_bound":0.7627176464529617},"point_estimate":0.7228122919857463,"standard_error":0.019672964090830018},"median":{"confidence_interval":{"confidence_level":0.95,"lower_bound":0.6662927826022432,"upper_bound":0.6840152804959176},"point_estimate":0.6766060771395479,"standard_error":0.004405165014944439}}