{"mean":{"confidence_interval":{"confidence_level":0.95,"lower_bound":283128763.23675,"upper_bound":290850371.33924997},"point_estimate":286789305.51,"standard_error":1980137.802390623},"median":{"confidence_interval":{"confidence_level":0.95,"lower_bound":276136589.0,"upper_bound":282835971.0},"point_estimate":277005888.5,"standard_error":1727305.5220108859},"median_abs_dev":{"confidence_interval":{"confidence_level":0.95,"lower_bound":6247372.356086969,"upper_bound":16555164.981687069},"point_estimate":7698715.415820479,"standard_error":2331569.6774834576},"slope":null,"std_dev":{"confidence_interval":{"confidence_level":0.95,"lower_bound":14041898.227548711,"upper_bound":25973704.65859799},"point_estimate":19995760.36565013,"standard_error":3115749.8395723673}}