{"mean":{"confidence_interval":{"confidence_level":0.95,"lower_bound":0.6833592347919532,"upper_bound":0.7360457485066366},"point_estimate":0.7082889532090642,"standard_error":0.013388432687493538},"median":{"confidence_interval":{"confidence_level":0.95,"lower_bound":0.6589651420907043,"upper_bound":0.668486330765458},"point_estimate":0.6650303605403494,"standard_error":0.002569432144777515}}