{"mean":{"confidence_interval":{"confidence_level":0.95,"lower_bound":2825.8524190066278,"upper_bound":2971.8115148071183},"point_estimate":2897.3483372095275,"standard_error":37.33166607738658},"median":{"confidence_interval":{"confidence_level":0.95,"lower_bound":2705.248917748918,"upper_bound":2965.7346574993635},"point_estimate":2806.5663927908827,"standard_error":62.93051370042962},"median_abs_dev":{"confidence_interval":{"confidence_level":0.95,"lower_bound":276.4891721627111,"upper_bound":444.4716939064357},"point_estimate":387.8105095464896,"standard_error":41.51025977678715},"slope":{"confidence_interval":{"confidence_level":0.95,"lower_bound":2650.9563510065846,"upper_bound":2801.1692216544834},"point_estimate":2715.1353052525874,"standard_error":38.625402162370655},"std_dev":{"confidence_interval":{"confidence_level":0.95,"lower_bound":298.28176227193484,"upper_bound":456.79870149235614},"point_estimate":377.76595762363496,"standard_error":40.74728784620016}}