{"mean":{"confidence_interval":{"confidence_level":0.95,"lower_bound":-0.10150360551497827,"upper_bound":-0.03505850353982656},"point_estimate":-0.06836933968250913,"standard_error":0.01654609653898711},"median":{"confidence_interval":{"confidence_level":0.95,"lower_bound":-0.12770357743498262,"upper_bound":-0.10154988716729307},"point_estimate":-0.11545595160108257,"standard_error":0.006407034294218228}}