{"mean":{"confidence_interval":{"confidence_level":0.95,"lower_bound":0.014804976232051922,"upper_bound":0.02981173875168009},"point_estimate":0.02267856899002063,"standard_error":0.003821120317284329},"median":{"confidence_interval":{"confidence_level":0.95,"lower_bound":0.01641246297364085,"upper_bound":0.02774951224445954},"point_estimate":0.020802814254280655,"standard_error":0.0025874485011301938}}