{"mean":{"confidence_interval":{"confidence_level":0.95,"lower_bound":0.48389836801771025,"upper_bound":0.5661489477125881},"point_estimate":0.5242099315980648,"standard_error":0.020430716412552265},"median":{"confidence_interval":{"confidence_level":0.95,"lower_bound":0.4384897413051272,"upper_bound":0.4466950712566844},"point_estimate":0.44382952357775385,"standard_error":0.0021139189190609265}}