{"mean":{"confidence_interval":{"confidence_level":0.95,"lower_bound":1200765.8469626594,"upper_bound":1246141.0325205557},"point_estimate":1221458.5198059708,"standard_error":11639.030551861448},"median":{"confidence_interval":{"confidence_level":0.95,"lower_bound":1174917.5692307693,"upper_bound":1177756.0606060605},"point_estimate":1175673.200255102,"standard_error":720.252617411104},"median_abs_dev":{"confidence_interval":{"confidence_level":0.95,"lower_bound":2763.8083607370468,"upper_bound":6597.809197102452},"point_estimate":3884.149387292506,"standard_error":942.2559452612643},"slope":{"confidence_interval":{"confidence_level":0.95,"lower_bound":1201567.145819673,"upper_bound":1247537.3756368372},"point_estimate":1223215.263715088,"standard_error":11761.103091158655},"std_dev":{"confidence_interval":{"confidence_level":0.95,"lower_bound":67887.97503901059,"upper_bound":165098.47609483308},"point_estimate":116973.4181928466,"standard_error":25833.502576126983}}